resume_text,role
python pytorch tensorflow computer vision deep learning css python,AI/ML Engineer
computer vision pandas python flask machine learning,AI/ML Engineer
nlp computer vision python flask tensorflow scikit-learn python wireshark,AI/ML Engineer
numpy computer vision pytorch python deep learning scikit-learn statistics,AI/ML Engineer
deep learning tensorflow scikit-learn machine learning nlp sql python visualization,AI/ML Engineer
pytorch python numpy nlp machine learning tensorflow sql flask deep learning dashboard java,AI/ML Engineer
python sql tensorflow pytorch machine learning,AI/ML Engineer
pandas pytorch numpy scikit-learn deep learning reporting,AI/ML Engineer
sql pytorch machine learning deep learning tensorflow computer vision cybersecurity,AI/ML Engineer
sql nlp tensorflow scikit-learn python machine learning numpy ethical hacking,AI/ML Engineer
machine learning tensorflow computer vision scikit-learn sql nlp numpy kali linux,AI/ML Engineer
pytorch deep learning tensorflow nlp flask scikit-learn firewall ethical hacking,AI/ML Engineer
tensorflow deep learning nlp numpy machine learning pandas python,AI/ML Engineer
sql deep learning pandas machine learning computer vision tensorflow soc jenkins,AI/ML Engineer
nlp python machine learning flask pytorch pandas scikit-learn javascript,AI/ML Engineer
pandas deep learning numpy python pytorch computer vision machine learning css power bi,AI/ML Engineer
computer vision tensorflow deep learning scikit-learn flask pytorch pandas python numpy machine learning,AI/ML Engineer
scikit-learn pytorch tensorflow python computer vision power bi gcp,AI/ML Engineer
nlp deep learning sql numpy computer vision jenkins,AI/ML Engineer
pandas tensorflow nlp sql pytorch computer vision scikit-learn deep learning flask siem react,AI/ML Engineer
tensorflow machine learning scikit-learn python flask pytorch,AI/ML Engineer
machine learning sql python tensorflow flask,AI/ML Engineer
machine learning nlp tensorflow pytorch numpy flask sql,AI/ML Engineer
computer vision numpy tensorflow sql pandas machine learning python scikit-learn flask firewall,AI/ML Engineer
numpy python machine learning sql pandas scikit-learn deep learning nlp,AI/ML Engineer
tensorflow nlp numpy deep learning pandas machine learning soc,AI/ML Engineer
machine learning numpy nlp flask python scikit-learn statistics tableau,AI/ML Engineer
deep learning pandas numpy computer vision tensorflow sql matplotlib,AI/ML Engineer
pandas python flask pytorch numpy deep learning networking,AI/ML Engineer
deep learning tensorflow pytorch sql python computer vision scikit-learn pandas,AI/ML Engineer
python flask computer vision numpy deep learning sql pytorch,AI/ML Engineer
machine learning computer vision flask tensorflow pandas python oop sql,AI/ML Engineer
machine learning pandas computer vision nlp scikit-learn deep learning flask sql numpy linux,AI/ML Engineer
sql flask pytorch numpy scikit-learn pandas,AI/ML Engineer
numpy computer vision sql machine learning nlp data structures kubernetes,AI/ML Engineer
machine learning sql statistics pandas power bi tableau scikit-learn python,Data Scientist
scikit-learn power bi seaborn python numpy sql tableau,Data Scientist
statistics tableau seaborn machine learning numpy scikit-learn matplotlib,Data Scientist
pandas power bi numpy seaborn matplotlib machine learning python,Data Scientist
numpy python power bi sql machine learning seaborn matplotlib statistics python cloud computing,Data Scientist
seaborn python statistics scikit-learn machine learning numpy power bi matplotlib cloud computing mongodb,Data Scientist
machine learning python numpy sql power bi tableau statistics seaborn css reporting,Data Scientist
data analysis scikit-learn machine learning pandas power bi tableau statistics seaborn python,Data Scientist
data analysis power bi pandas numpy machine learning tableau sql,Data Scientist
python matplotlib pandas scikit-learn power bi machine learning data analysis statistics,Data Scientist
power bi pandas data analysis sql numpy,Data Scientist
sql power bi seaborn data analysis tableau python scikit-learn typescript,Data Scientist
numpy python statistics data analysis sql matplotlib machine learning pandas power bi java,Data Scientist
python data analysis tableau seaborn pandas machine learning matplotlib,Data Scientist
scikit-learn sql statistics numpy seaborn power bi pandas ethical hacking,Data Scientist
seaborn machine learning pandas data analysis tableau sql matplotlib,Data Scientist
scikit-learn numpy data analysis seaborn python machine learning tableau statistics pandas pandas soc,Data Scientist
matplotlib power bi pandas seaborn tableau data analysis sql statistics sql excel,Data Scientist
power bi tableau scikit-learn sql statistics data analysis matplotlib machine learning seaborn,Data Scientist
python tableau pandas matplotlib statistics scikit-learn java,Data Scientist
matplotlib data analysis pandas machine learning python power bi tableau scikit-learn,Data Scientist
tableau seaborn matplotlib python pandas data analysis,Data Scientist
machine learning matplotlib seaborn scikit-learn sql data analysis pandas numpy kubernetes firewall,Data Scientist
matplotlib machine learning tableau scikit-learn numpy data analysis statistics power bi pandas sql testing,Data Scientist
statistics numpy pandas power bi sql machine learning seaborn python,Data Scientist
pandas data analysis machine learning tableau statistics seaborn data analysis,Data Scientist
matplotlib data analysis python pandas power bi seaborn numpy scikit-learn tableau python,Data Scientist
numpy data analysis power bi seaborn pandas matplotlib statistics cryptography,Data Scientist
python data analysis sql power bi machine learning seaborn pandas statistics ci/cd tensorflow,Data Scientist
scikit-learn tableau python statistics data analysis seaborn pandas matplotlib,Data Scientist
data analysis sql pandas matplotlib power bi machine learning scikit-learn wireshark,Data Scientist
statistics matplotlib python seaborn scikit-learn machine learning tableau nlp scikit-learn,Data Scientist
pandas tableau python machine learning power bi,Data Scientist
power bi statistics scikit-learn pandas matplotlib sql machine learning data analysis,Data Scientist
scikit-learn statistics machine learning numpy power bi seaborn python tableau pandas c++,Data Scientist
bootstrap typescript react css node.js pandas scikit-learn,Web Developer
rest api mongodb express css bootstrap html react statistics,Web Developer
express typescript git javascript mongodb css frontend node.js debugging ci/cd,Web Developer
git mongodb bootstrap node.js express typescript css html siem,Web Developer
git bootstrap typescript mongodb express html pandas,Web Developer
git react express node.js bootstrap javascript testing networking,Web Developer
rest api react css typescript mongodb networking,Web Developer
frontend git typescript bootstrap html rest api algorithms,Web Developer
frontend react node.js express git bootstrap mongodb javascript cloud computing,Web Developer
express git node.js bootstrap rest api css html java python,Web Developer
frontend rest api javascript react typescript azure testing,Web Developer
rest api bootstrap node.js css react javascript frontend mongodb express machine learning,Web Developer
javascript node.js html bootstrap typescript express css react rest api,Web Developer
node.js git typescript bootstrap express css html javascript react,Web Developer
mongodb git css html javascript,Web Developer
node.js css react typescript mongodb frontend git express rest api cybersecurity siem,Web Developer
node.js bootstrap mongodb frontend html rest api express git,Web Developer
node.js typescript css javascript react bootstrap computer vision seaborn,Web Developer
mongodb git bootstrap typescript node.js,Web Developer
node.js frontend git css react javascript c++ firewall,Web Developer
rest api react javascript node.js bootstrap,Web Developer
javascript node.js bootstrap typescript git,Web Developer
frontend node.js mongodb typescript git react html rest api,Web Developer
frontend express bootstrap node.js html git css rest api deep learning debugging,Web Developer
html javascript git rest api bootstrap typescript css node.js react gcp flask,Web Developer
express mongodb frontend bootstrap css typescript git javascript docker,Web Developer
typescript mongodb rest api html git bootstrap javascript pandas,Web Developer
mongodb rest api html typescript git pandas,Web Developer
rest api express bootstrap git frontend mongodb,Web Developer
node.js rest api javascript frontend git express pandas,Web Developer
typescript bootstrap react javascript node.js machine learning cloud computing,Web Developer
css react frontend git bootstrap express rest api typescript sql linux,Web Developer
mongodb git typescript react bootstrap node.js css java,Web Developer
rest api javascript css node.js mongodb typescript frontend git html power bi,Web Developer
bootstrap typescript git javascript frontend node.js react rest api mongodb python cybersecurity,Web Developer
git data structures debugging sql spring rest api oop java aws,Software Developer
sql debugging python oop java c++ algorithms git python,Software Developer
c++ rest api oop java python data structures git testing,Software Developer
algorithms git spring sql c++ rest api python testing python,Software Developer
rest api java spring c++ data structures git sql python,Software Developer
sql c++ debugging oop python power bi tensorflow,Software Developer
git java algorithms testing rest api data analysis,Software Developer
rest api sql spring python testing c++,Software Developer
sql spring data structures oop python c++ debugging rest api git machine learning,Software Developer
algorithms debugging rest api python c++ data structures spring testing firewall,Software Developer
oop algorithms data structures sql testing java c++ reporting,Software Developer
algorithms testing java sql debugging spring oop rest api data structures express,Software Developer
git data structures debugging algorithms python testing java sql oop pytorch,Software Developer
git python c++ algorithms testing oop data structures spring rest api,Software Developer
git rest api debugging algorithms python oop data structures sql spring,Software Developer
c++ python data structures sql git java spring rest api ci/cd,Software Developer
oop git algorithms sql debugging,Software Developer
oop java spring rest api git algorithms,Software Developer
debugging oop algorithms sql c++,Software Developer
java algorithms oop c++ rest api,Software Developer
python sql oop git debugging algorithms rest api c++ data structures python gcp,Software Developer
sql algorithms java git data structures oop testing c++ python,Software Developer
rest api debugging git java sql python c++,Software Developer
c++ debugging data structures java rest api sql python testing,Software Developer
data structures c++ rest api testing spring sql debugging python git python frontend,Software Developer
python rest api algorithms testing c++ git,Software Developer
java git data structures debugging testing c++ pandas,Software Developer
testing sql rest api c++ spring data structures dashboard,Software Developer
spring c++ oop rest api data structures algorithms java sql python tensorflow,Software Developer
oop sql debugging c++ testing python computer vision,Software Developer
git spring python c++ debugging cloud computing,Software Developer
sql spring rest api algorithms oop debugging testing python,Software Developer
debugging testing rest api data structures sql express,Software Developer
git oop sql spring c++ python data structures rest api rest api mysql,Software Developer
debugging oop c++ spring rest api java python,Software Developer
power bi visualization excel dashboard pandas statistics reporting spring,Data Analyst
mysql excel python reporting pandas dashboard visualization statistics,Data Analyst
dashboard statistics tableau sql pandas data analysis testing machine learning,Data Analyst
reporting tableau data analysis visualization excel python pandas typescript tensorflow,Data Analyst
python mysql pandas reporting excel sql,Data Analyst
dashboard data analysis sql power bi excel statistics pandas python reporting wireshark,Data Analyst
pandas power bi mysql python reporting data analysis visualization statistics,Data Analyst
power bi mysql reporting excel sql python,Data Analyst
statistics reporting mysql data analysis python sql dashboard excel cryptography,Data Analyst
python dashboard reporting statistics mysql,Data Analyst
data analysis reporting excel dashboard tableau power bi,Data Analyst
python mysql pandas sql excel tableau cryptography power bi,Data Analyst
data analysis visualization tableau dashboard pandas excel scikit-learn,Data Analyst
excel statistics sql pandas data analysis python tableau visualization machine learning,Data Analyst
excel pandas power bi statistics dashboard mysql tableau data analysis,Data Analyst
reporting data analysis visualization sql dashboard statistics power bi pandas,Data Analyst
power bi sql visualization dashboard tableau data analysis mysql data analysis,Data Analyst
sql power bi python tableau dashboard reporting,Data Analyst
power bi dashboard statistics reporting visualization git algorithms,Data Analyst
statistics sql mysql reporting python data analysis numpy,Data Analyst
visualization sql python statistics mysql excel data analysis java,Data Analyst
dashboard sql reporting visualization data analysis cloud computing,Data Analyst
statistics reporting tableau pandas mysql matplotlib numpy,Data Analyst
sql pandas mysql visualization power bi excel reporting tableau jenkins,Data Analyst
reporting power bi pandas mysql python tableau data analysis dashboard excel sql nlp,Data Analyst
sql visualization data analysis python dashboard pandas reporting matplotlib sql,Data Analyst
reporting dashboard power bi pandas python linux numpy,Data Analyst
mysql sql python visualization data analysis pandas power bi dashboard excel firewall linux,Data Analyst
excel pandas python power bi tableau visualization statistics,Data Analyst
power bi mysql sql python reporting visualization jenkins pytorch,Data Analyst
reporting power bi mysql data analysis dashboard sql visualization scikit-learn python,Data Analyst
data analysis pandas tableau statistics python siem express,Data Analyst
tableau python statistics mysql pandas reporting dashboard visualization data analysis cybersecurity,Data Analyst
visualization data analysis power bi tableau reporting dashboard statistics excel mysql cloud computing,Data Analyst
mysql visualization sql python reporting,Data Analyst
cryptography python linux firewall network security soc ethical hacking tensorflow,Cyber Security
cybersecurity firewall python wireshark ethical hacking cryptography soc linux,Cyber Security
wireshark network security soc linux python,Cyber Security
cryptography linux soc siem cybersecurity python firewall react,Cyber Security
python siem soc firewall network security kali linux mongodb,Cyber Security
network security cybersecurity ethical hacking firewall cryptography kali linux python ci/cd,Cyber Security
kali linux python siem ethical hacking linux data analysis,Cyber Security
siem wireshark ethical hacking firewall linux sql jenkins,Cyber Security
network security python kali linux siem cybersecurity ethical hacking firewall,Cyber Security
wireshark penetration testing cybersecurity soc network security linux cryptography siem sql sql,Cyber Security
wireshark python soc linux cryptography azure tableau,Cyber Security
network security cryptography cybersecurity penetration testing ethical hacking siem,Cyber Security
wireshark penetration testing python firewall cryptography pytorch,Cyber Security
penetration testing wireshark cybersecurity kali linux soc siem statistics,Cyber Security
soc cryptography firewall wireshark linux ethical hacking python siem terraform,Cyber Security
network security firewall soc kali linux linux penetration testing cryptography statistics,Cyber Security
wireshark kali linux penetration testing siem cryptography data analysis scikit-learn,Cyber Security
wireshark cryptography cybersecurity soc firewall linux python siem,Cyber Security
wireshark python linux cybersecurity siem firewall penetration testing ethical hacking,Cyber Security
network security ethical hacking wireshark siem firewall penetration testing,Cyber Security
linux kali linux cryptography wireshark python ethical hacking cybersecurity penetration testing network security debugging power bi,Cyber Security
kali linux penetration testing ethical hacking network security cybersecurity wireshark python terraform,Cyber Security
python network security penetration testing siem cryptography kali linux soc linux gcp css,Cyber Security
linux network security cryptography soc siem,Cyber Security
kali linux wireshark network security python penetration testing linux siem power bi debugging,Cyber Security
ethical hacking network security soc linux siem firewall cryptography cybersecurity python testing mysql,Cyber Security
linux siem network security kali linux penetration testing ethical hacking wireshark firewall cryptography computer vision,Cyber Security
wireshark kali linux network security cryptography python soc rest api numpy,Cyber Security
kali linux siem linux soc firewall penetration testing cybersecurity wireshark network security scikit-learn,Cyber Security
wireshark ethical hacking soc python penetration testing firewall,Cyber Security
ethical hacking kali linux python penetration testing linux wireshark cryptography ci/cd flask,Cyber Security
kali linux linux siem soc python wireshark penetration testing firewall cryptography scikit-learn tensorflow,Cyber Security
cybersecurity kali linux siem penetration testing ethical hacking pandas tensorflow,Cyber Security
kali linux python penetration testing siem cryptography network security wireshark ethical hacking dashboard,Cyber Security
soc cybersecurity linux cryptography firewall mysql,Cyber Security
linux python gcp networking ci/cd jenkins tableau,Cloud Engineer
linux ci/cd cloud computing azure networking python pandas,Cloud Engineer
jenkins docker gcp azure aws python cloud computing pandas git,Cloud Engineer
linux python networking docker gcp ci/cd mysql ethical hacking,Cloud Engineer
jenkins aws azure terraform networking python ci/cd spring pandas,Cloud Engineer
kubernetes jenkins python cloud computing networking machine learning statistics,Cloud Engineer
gcp kubernetes linux terraform python aws docker ci/cd soc html,Cloud Engineer
ci/cd kubernetes azure terraform jenkins networking cloud computing pandas,Cloud Engineer
azure terraform linux python ci/cd cloud computing,Cloud Engineer
python ci/cd terraform cloud computing aws jenkins,Cloud Engineer
networking linux jenkins ci/cd python azure wireshark sql,Cloud Engineer
python linux gcp terraform kubernetes jenkins networking wireshark python,Cloud Engineer
networking python kubernetes jenkins aws gcp terraform ci/cd data structures,Cloud Engineer
python jenkins kubernetes docker aws network security scikit-learn,Cloud Engineer
cloud computing python terraform gcp docker aws kubernetes networking azure,Cloud Engineer
linux terraform gcp cloud computing docker jenkins kubernetes networking numpy,Cloud Engineer
ci/cd docker networking linux jenkins kubernetes algorithms,Cloud Engineer
jenkins ci/cd linux cloud computing python networking bootstrap network security,Cloud Engineer
docker kubernetes ci/cd cloud computing networking gcp javascript,Cloud Engineer
linux jenkins networking ci/cd kubernetes gcp aws cloud computing siem excel,Cloud Engineer
linux gcp kubernetes aws python networking ci/cd cloud computing rest api,Cloud Engineer
docker networking ci/cd kubernetes python azure aws jenkins mongodb git,Cloud Engineer
cloud computing ci/cd docker python aws,Cloud Engineer
linux jenkins azure gcp aws kubernetes python docker cybersecurity network security,Cloud Engineer
kubernetes linux networking aws azure cloud computing express python,Cloud Engineer
gcp terraform networking aws cloud computing tableau,Cloud Engineer
aws networking kubernetes azure linux gcp docker siem cryptography,Cloud Engineer
gcp ci/cd jenkins kubernetes docker terraform aws networking,Cloud Engineer
cloud computing kubernetes gcp aws linux terraform python networking html power bi,Cloud Engineer
cloud computing terraform networking ci/cd linux aws docker python azure,Cloud Engineer
linux docker aws kubernetes terraform azure cloud computing gcp python,Cloud Engineer
networking python aws kubernetes linux jenkins azure cloud computing ci/cd data structures,Cloud Engineer
terraform cloud computing ci/cd kubernetes azure linux testing,Cloud Engineer
docker networking gcp jenkins python cloud computing linux kubernetes ci/cd kali linux,Cloud Engineer
ci/cd cloud computing docker python azure kubernetes networking terraform debugging computer vision,Cloud Engineer
